t,sin,cos
0,0,1
0.001,0.0011,1
0.002,0.0022,0.999998
0.003,0.0033,0.999996
0.004,0.00439999,0.999992
0.005,0.00549998,0.999988
0.006,0.00659996,0.999982
0.007,0.00769994,0.999976
0.008,0.00879991,0.999968
0.009,0.00989987,0.99996
0.01,0.0109998,0.99995
0.011,0.0120998,0.99994
0.012,0.0131997,0.999928
0.013,0.0142996,0.999916
0.014,0.0153995,0.999902
0.015,0.0164994,0.999888
0.016,0.0175992,0.999872
0.017,0.0186991,0.999856
0.018,0.0197989,0.999838
0.019,0.0208987,0.99982
0.02,0.0219985,0.9998
0.021,0.0230983,0.99978
0.022,0.024198,0.999758
0.023,0.0252978,0.999736
0.024,0.0263975,0.999712
0.025,0.0274971,0.999688
0.026,0.0285968,0.999662
0.027,0.0296964,0.999636
0.028,0.030796,0.999608
0.029,0.0318955,0.99958
0.03,0.0329951,0.99955
0.031,0.0340945,0.99952
0.032,0.035194,0.999488
0.033,0.0362934,0.999456
0.034,0.0373928,0.999422
0.035,0.0384921,0.999388
0.036,0.0395914,0.999352
0.037,0.0406907,0.999316
0.038,0.0417899,0.999278
0.039,0.0428891,0.99924
0.04,0.0439883,0.9992
0.041,0.0450874,0.99916
0.042,0.0461864,0.999118
0.043,0.0472854,0.999076
0.044,0.0483844,0.999032
0.045,0.0494833,0.998988
0.046,0.0505822,0.998942
0.047,0.051681,0.998896
0.048,0.0527797,0.998848
0.049,0.0538784,0.9988
0.05,0.0549771,0.99875
0.051,0.0560757,0.9987
0.052,0.0571742,0.998648
0.053,0.0582727,0.998596
0.054,0.0593711,0.998542
0.055,0.0604695,0.998488
0.056,0.0615678,0.998432
0.057,0.0626661,0.998376
0.058,0.0637642,0.998318
0.059,0.0648624,0.99826
0.06,0.0659604,0.998201
0.061,0.0670584,0.99814
0.062,0.0681563,0.998079
0.063,0.0692542,0.998016
0.064,0.070352,0.997953
0.065,0.0714497,0.997888
0.066,0.0725473,0.997823
0.067,0.0736449,0.997756
0.068,0.0747424,0.997689
0.069,0.0758398,0.99762
0.07,0.0769371,0.997551
0.071,0.0780344,0.997481
0.072,0.0791316,0.997409
0.073,0.0802287,0.997337
0.074,0.0813257,0.997263
0.075,0.0824227,0.997189
0.076,0.0835195,0.997113
0.077,0.0846163,0.997037
0.078,0.085713,0.99696
0.079,0.0868096,0.996881
0.08,0.0879062,0.996802
0.081,0.0890026,0.996721
0.082,0.0900989,0.99664
0.083,0.0911952,0.996557
0.084,0.0922914,0.996474
0.085,0.0933875,0.99639
0.086,0.0944834,0.996304
0.087,0.0955793,0.996218
0.088,0.0966751,0.99613
0.089,0.0977708,0.996042
0.09,0.0988664,0.995953
0.091,0.0999619,0.995862
0.092,0.101057,0.995771
0.093,0.102153,0.995679
0.094,0.103248,0.995585
0.095,0.104343,0.995491
0.096,0.105438,0.995396
0.097,0.106533,0.995299
0.098,0.107628,0.995202
0.099,0.108722,0.995104
0.1,0.109817,0.995004
0.101,0.110911,0.994904
0.102,0.112006,0.994803
0.103,0.1131,0.9947
0.104,0.114194,0.994597
0.105,0.115288,0.994493
0.106,0.116382,0.994387
0.107,0.117476,0.994281
0.108,0.118569,0.994174
0.109,0.119663,0.994065
0.11,0.120756,0.993956
0.111,0.121849,0.993846
0.112,0.122943,0.993735
0.113,0.124036,0.993622
0.114,0.125129,0.993509
0.115,0.126221,0.993395
0.116,0.127314,0.99328
0.117,0.128407,0.993163
0.118,0.129499,0.993046
0.119,0.130591,0.992928
0.12,0.131683,0.992809
0.121,0.132775,0.992688
0.122,0.133867,0.992567
0.123,0.134959,0.992445
0.124,0.136051,0.992322
0.125,0.137142,0.992198
0.126,0.138234,0.992072
0.127,0.139325,0.991946
0.128,0.140416,0.991819
0.129,0.141507,0.991691
0.13,0.142598,0.991562
0.131,0.143688,0.991432
0.132,0.144779,0.991301
0.133,0.145869,0.991169
0.134,0.146959,0.991035
0.135,0.148049,0.990901
0.136,0.149139,0.990766
0.137,0.150229,0.99063
0.138,0.151319,0.990493
0.139,0.152408,0.990355
0.14,0.153497,0.990216
0.141,0.154587,0.990076
0.142,0.155676,0.989935
0.143,0.156764,0.989793
0.144,0.157853,0.98965
0.145,0.158942,0.989506
0.146,0.16003,0.989361
0.147,0.161118,0.989215
0.148,0.162206,0.989068
0.149,0.163294,0.98892
0.15,0.164382,0.988771
0.151,0.16547,0.988621
0.152,0.166557,0.98847
0.153,0.167644,0.988318
0.154,0.168731,0.988165
0.155,0.169818,0.988012
0.156,0.170905,0.987857
0.157,0.171991,0.987701
0.158,0.173078,0.987544
0.159,0.174164,0.987386
0.16,0.17525,0.987227
0.161,0.176336,0.987067
0.162,0.177422,0.986907
0.163,0.178507,0.986745
0.164,0.179592,0.986582
0.165,0.180678,0.986418
0.166,0.181763,0.986254
0.167,0.182847,0.986088
0.168,0.183932,0.985921
0.169,0.185016,0.985753
0.17,0.186101,0.985585
0.171,0.187185,0.985415
0.172,0.188268,0.985244
0.173,0.189352,0.985073
0.174,0.190436,0.9849
0.175,0.191519,0.984727
0.176,0.192602,0.984552
0.177,0.193685,0.984376
0.178,0.194768,0.9842
0.179,0.19585,0.984022
0.18,0.196933,0.983844
0.181,0.198015,0.983664
0.182,0.199097,0.983484
0.183,0.200178,0.983302
0.184,0.20126,0.98312
0.185,0.202341,0.982936
0.186,0.203422,0.982752
0.187,0.204503,0.982566
0.188,0.205584,0.98238
0.189,0.206664,0.982193
0.19,0.207745,0.982004
0.191,0.208825,0.981815
0.192,0.209905,0.981625
0.193,0.210984,0.981433
0.194,0.212064,0.981241
0.195,0.213143,0.981048
0.196,0.214222,0.980853
0.197,0.215301,0.980658
0.198,0.21638,0.980462
0.199,0.217458,0.980265
0.2,0.218536,0.980067
0.201,0.219614,0.979867
0.202,0.220692,0.979667
0.203,0.221769,0.979466
0.204,0.222847,0.979264
0.205,0.223924,0.979061
0.206,0.225001,0.978857
0.207,0.226077,0.978652
0.208,0.227154,0.978446
0.209,0.22823,0.978239
0.21,0.229306,0.978031
0.211,0.230382,0.977822
0.212,0.231457,0.977612
0.213,0.232532,0.977401
0.214,0.233607,0.977189
0.215,0.234682,0.976976
0.216,0.235757,0.976763
0.217,0.236831,0.976548
0.218,0.237905,0.976332
0.219,0.238979,0.976115
0.22,0.240053,0.975897
0.221,0.241126,0.975679
0.222,0.242199,0.975459
0.223,0.243272,0.975238
0.224,0.244345,0.975017
0.225,0.245417,0.974794
0.226,0.246489,0.974571
0.227,0.247561,0.974346
0.228,0.248633,0.97412
0.229,0.249704,0.973894
0.23,0.250775,0.973666
0.231,0.251846,0.973438
0.232,0.252917,0.973208
0.233,0.253987,0.972978
0.234,0.255057,0.972747
0.235,0.256127,0.972514
0.236,0.257197,0.972281
0.237,0.258266,0.972047
0.238,0.259335,0.971811
0.239,0.260404,0.971575
0.24,0.261473,0.971338
0.241,0.262541,0.9711
0.242,0.263609,0.970861
0.243,0.264677,0.97062
0.244,0.265745,0.970379
0.245,0.266812,0.970137
0.246,0.267879,0.969894
0.247,0.268946,0.96965
0.248,0.270012,0.969405
0.249,0.271078,0.969159
0.25,0.272144,0.968912
0.251,0.27321,0.968665
0.252,0.274275,0.968416
0.253,0.275341,0.968166
0.254,0.276405,0.967915
0.255,0.27747,0.967663
0.256,0.278534,0.967411
0.257,0.279598,0.967157
0.258,0.280662,0.966902
0.259,0.281725,0.966647
0.26,0.282789,0.96639
0.261,0.283851,0.966132
0.262,0.284914,0.965874
0.263,0.285976,0.965614
0.264,0.287038,0.965354
0.265,0.2881,0.965093
0.266,0.289162,0.96483
0.267,0.290223,0.964567
0.268,0.291284,0.964302
0.269,0.292344,0.964037
0.27,0.293405,0.963771
0.271,0.294465,0.963504
0.272,0.295524,0.963236
0.273,0.296584,0.962966
0.274,0.297643,0.962696
0.275,0.298702,0.962425
0.276,0.29976,0.962153
0.277,0.300818,0.96188
0.278,0.301876,0.961606
0.279,0.302934,0.961331
0.28,0.303991,0.961055
0.281,0.305048,0.960779
0.282,0.306105,0.960501
0.283,0.307161,0.960222
0.284,0.308217,0.959942
0.285,0.309273,0.959662
0.286,0.310329,0.95938
0.287,0.311384,0.959097
0.288,0.312439,0.958814
0.289,0.313493,0.958529
0.29,0.314547,0.958244
0.291,0.315601,0.957957
0.292,0.316655,0.95767
0.293,0.317708,0.957382
0.294,0.318761,0.957092
0.295,0.319814,0.956802
0.296,0.320866,0.956511
0.297,0.321918,0.956219
0.298,0.32297,0.955926
0.299,0.324021,0.955632
0.3,0.325072,0.955336
0.301,0.326123,0.95504
0.302,0.327173,0.954744
0.303,0.328223,0.954446
0.304,0.329273,0.954147
0.305,0.330322,0.953847
0.306,0.331372,0.953546
0.307,0.33242,0.953244
0.308,0.333469,0.952942
0.309,0.334517,0.952638
0.31,0.335565,0.952334
0.311,0.336612,0.952028
0.312,0.337659,0.951722
0.313,0.338706,0.951414
0.314,0.339752,0.951106
0.315,0.340798,0.950796
0.316,0.341844,0.950486
0.317,0.342889,0.950175
0.318,0.343934,0.949863
0.319,0.344979,0.94955
0.32,0.346023,0.949235
0.321,0.347067,0.94892
0.322,0.348111,0.948604
0.323,0.349154,0.948287
0.324,0.350197,0.94797
0.325,0.35124,0.947651
0.326,0.352282,0.947331
0.327,0.353324,0.94701
0.328,0.354365,0.946689
0.329,0.355407,0.946366
0.33,0.356447,0.946042
0.331,0.357488,0.945718
0.332,0.358528,0.945392
0.333,0.359568,0.945066
0.334,0.360607,0.944739
0.335,0.361646,0.94441
0.336,0.362685,0.944081
0.337,0.363723,0.943751
0.338,0.364761,0.94342
0.339,0.365799,0.943088
0.34,0.366836,0.942755
0.341,0.367873,0.942421
0.342,0.368909,0.942086
0.343,0.369945,0.94175
0.344,0.370981,0.941413
0.345,0.372016,0.941075
0.346,0.373051,0.940737
0.347,0.374086,0.940397
0.348,0.37512,0.940057
0.349,0.376154,0.939715
0.35,0.377188,0.939373
0.351,0.378221,0.939029
0.352,0.379253,0.938685
0.353,0.380286,0.93834
0.354,0.381318,0.937994
0.355,0.382349,0.937646
0.356,0.383381,0.937298
0.357,0.384411,0.936949
0.358,0.385442,0.936599
0.359,0.386472,0.936249
0.36,0.387502,0.935897
0.361,0.388531,0.935544
0.362,0.38956,0.93519
0.363,0.390588,0.934836
0.364,0.391616,0.93448
0.365,0.392644,0.934124
0.366,0.393672,0.933766
0.367,0.394699,0.933408
0.368,0.395725,0.933049
0.369,0.396751,0.932688
0.37,0.397777,0.932327
0.371,0.398802,0.931965
0.372,0.399827,0.931602
0.373,0.400852,0.931238
0.374,0.401876,0.930873
0.375,0.4029,0.930508
0.376,0.403923,0.930141
0.377,0.404946,0.929773
0.378,0.405969,0.929405
0.379,0.406991,0.929035
0.38,0.408013,0.928665
0.381,0.409034,0.928293
0.382,0.410055,0.927921
0.383,0.411075,0.927548
0.384,0.412095,0.927174
0.385,0.413115,0.926798
0.386,0.414134,0.926422
0.387,0.415153,0.926045
0.388,0.416172,0.925668
0.389,0.41719,0.925289
0.39,0.418207,0.924909
0.391,0.419224,0.924528
0.392,0.420241,0.924147
0.393,0.421258,0.923764
0.394,0.422273,0.923381
0.395,0.423289,0.922997
0.396,0.424304,0.922611
0.397,0.425319,0.922225
0.398,0.426333,0.921838
0.399,0.427347,0.92145
0.4,0.42836,0.921061
0.401,0.429373,0.920671
0.402,0.430386,0.92028
0.403,0.431398,0.919889
0.404,0.432409,0.919496
0.405,0.433421,0.919102
0.406,0.434431,0.918708
0.407,0.435442,0.918313
0.408,0.436452,0.917916
0.409,0.437461,0.917519
0.41,0.43847,0.917121
0.411,0.439479,0.916722
0.412,0.440487,0.916322
0.413,0.441495,0.915921
0.414,0.442502,0.915519
0.415,0.443509,0.915116
0.416,0.444515,0.914713
0.417,0.445521,0.914308
0.418,0.446527,0.913903
0.419,0.447532,0.913496
0.42,0.448536,0.913089
0.421,0.449541,0.912681
0.422,0.450544,0.912272
0.423,0.451548,0.911862
0.424,0.45255,0.911451
0.425,0.453553,0.911039
0.426,0.454555,0.910626
0.427,0.455556,0.910212
0.428,0.456557,0.909798
0.429,0.457558,0.909382
0.43,0.458558,0.908966
0.431,0.459558,0.908548
0.432,0.460557,0.90813
0.433,0.461555,0.907711
0.434,0.462554,0.907291
0.435,0.463551,0.90687
0.436,0.464549,0.906448
0.437,0.465546,0.906025
0.438,0.466542,0.905602
0.439,0.467538,0.905177
0.44,0.468533,0.904752
0.441,0.469528,0.904325
0.442,0.470523,0.903898
0.443,0.471517,0.90347
0.444,0.472511,0.903041
0.445,0.473504,0.902611
0.446,0.474496,0.90218
0.447,0.475488,0.901748
0.448,0.47648,0.901315
0.449,0.477471,0.900882
0.45,0.478462,0.900447
0.451,0.479452,0.900012
0.452,0.480442,0.899575
0.453,0.481431,0.899138
0.454,0.48242,0.8987
0.455,0.483409,0.898261
0.456,0.484396,0.897821
0.457,0.485384,0.89738
0.458,0.486371,0.896939
0.459,0.487357,0.896496
0.46,0.488343,0.896052
0.461,0.489328,0.895608
0.462,0.490313,0.895163
0.463,0.491298,0.894717
0.464,0.492282,0.89427
0.465,0.493265,0.893822
0.466,0.494248,0.893373
0.467,0.495231,0.892923
0.468,0.496212,0.892472
0.469,0.497194,0.892021
0.47,0.498175,0.891568
0.471,0.499155,0.891115
0.472,0.500135,0.890661
0.473,0.501115,0.890206
0.474,0.502094,0.88975
0.475,0.503072,0.889293
0.476,0.50405,0.888835
0.477,0.505028,0.888376
0.478,0.506005,0.887917
0.479,0.506981,0.887456
0.48,0.507957,0.886995
0.481,0.508933,0.886533
0.482,0.509907,0.88607
0.483,0.510882,0.885606
0.484,0.511856,0.885141
0.485,0.512829,0.884675
0.486,0.513802,0.884208
0.487,0.514774,0.883741
0.488,0.515746,0.883272
0.489,0.516718,0.882803
0.49,0.517688,0.882333
0.491,0.518659,0.881862
0.492,0.519629,0.88139
0.493,0.520598,0.880917
0.494,0.521567,0.880443
0.495,0.522535,0.879969
0.496,0.523503,0.879493
0.497,0.52447,0.879017
0.498,0.525436,0.87854
0.499,0.526402,0.878062
0.5,0.527368,0.877583
0.501,0.528333,0.877103
0.502,0.529298,0.876622
0.503,0.530262,0.87614
0.504,0.531225,0.875658
0.505,0.532188,0.875174
0.506,0.533151,0.87469
0.507,0.534113,0.874205
0.508,0.535074,0.873719
0.509,0.536035,0.873232
0.51,0.536995,0.872745
0.511,0.537955,0.872256
0.512,0.538914,0.871766
0.513,0.539873,0.871276
0.514,0.540831,0.870785
0.515,0.541788,0.870293
0.516,0.542745,0.8698
0.517,0.543702,0.869306
0.518,0.544658,0.868811
0.519,0.545613,0.868316
0.52,0.546568,0.867819
0.521,0.547522,0.867322
0.522,0.548476,0.866824
